<category id="catIframe">
  <block type="iframe_open">
    <value name="url_">
      <block type="text">
        <field name="TEXT">about:blank</field>
      </block>
    </value>
    <value name="width_">
      <block type="math_number">
        <field name="NUM">100</field>
      </block>
    </value>
    <value name="height_">
      <block type="math_number">
        <field name="NUM">400</field>
      </block>
    </value>
    <value name="left_">
      <block type="math_number">
        <field name="NUM">0</field>
      </block>
    </value>
    <value name="top_">
      <block type="math_number">
        <field name="NUM">100</field>
      </block>
    </value>    
  </block>
  <block type="iframe_close"></block>
 </category>
